{
    "energy": {
      "1": [
        0.7315718448558297,
        0.7497453822178751,
        0.7110378576639027,
        0.7008470125210153
      ],
      "2": [
        0.811860836232849,
        0.7987430366698204,
        0.8037916250771269,
        0.7777970460011595
      ],
      "3": [
        0.8230233691475818,
        0.8600092637074642,
        0.8529048113156931,
        0.8511048993699226
      ],
      "4": [
        0.9739267862615568,
        0.9220908518362061,
        0.9588361908012732,
        0.9200646029892326
      ],
      "5": [
        0.9208147714967752,
        1.0053350776572323,
        0.9605180849486545,
        0.906869296313091
      ],
      "6": [
        1.2077872257591964,
        1.1912937636264163,
        1.1858783497568877,
        1.1302065650160635
      ],
      "7": [
        1.5570230673582448,
        1.5191173942689675,
        1.5093768266112144,
        1.5192115284610643
      ],
      "8": [
        2.694584150905293,
        2.6839921779035922,
        2.6969352332829066,
        2.69437395708316
      ]
    }
  }